24 HORAS POR DIA,24 ORE SU 24
A GRANEL,SFUSO
ABAIXO,GIÙ
ABANDONAR,SMETTERE
ABATIDO,ABBATTUTO
ABÓBORA,ZUCCA
ABORRECIMENTO,FASTIDIO
ABORTAR,ABORTIRE
ABORTO,ABORTO
AÇO,ACCIAIO
ACONTECER,ACCADERE
ACONTECIDO,ACCADUTO
ACONTECIMENTO,AVVENIMENTO
ACORDO,INTESA
AÇOUGUE,MACELLERIA
ADEQUADA,ADEGUATA
ADMINISTRADOR,AMMINISTRATORE
ADMIRO,AMMIRO
ADVERTIDO,AMMONITO
AGÊNCIA DE VIAGENS,AGENZIA DI VIAGGI
AGORA QUE,ORMAI
ÁGUA,ACQUA
AGUDO,ACUTO
ALEGRIA,GIOIA
ALEITAR,ALLATTARE
ALÉM,ALDILÀ
ALÉM DISSO,INOLTRE
ALGUÉM,QUALCUNO
ALGUM,QUALCHE
ALGUMA COISA,QUALCOSA
ALGUNS,ALCUNI
ALIANÇA,FEDE
ALIVIAR,LENIRE
ALOJAMENTO,ALLOGGIO
ALUGUEL,AFFITTO
AMA SECA,BALIA ASCIUTTA
AMASSADO,AMMACCATO
AMBAS,ENTRAMBI
AMBOS,ENTRAMBI
AMEAÇA,MINACCIA
AMEIXA,PRUGNA
AMENDOIM,ARACHIDI
AMIGO,AMICO
ANÁGUA,SOTTANA
ANTEONTEM,L'ALTRO IERI
ANTIQUARIO,NEGOZIO DI ANTIQUARIATO
AO LADO,ACCANTO
APARECEM,APPAIONO
APASCENTA,PASCOLA
APELIDO,COGNOME
APERITIVOS,STUZZICHINI
APERTAR,STRINGERE
APOIAR,APPOGGIARE
APOIO,APPOGGIO
APOSTAR,SCOMMETTERE
APRESENTADOR (TV),CONDUTTORE
APROVEITAR,APPROFITTARE
ARCEBISBO,ARCIVESCOVO
AREIA,SABBIA
ARMARINHO,MERCERIA
ARMÁRIO,ARMADIO
ARRANHA-CÉU,GRATTACIELO
ARRANHAR,GRAFFIARE
ARREPENDIDO,PENTITO
ARROBAMENTO,EFFRAZIONE
ARROTAR,RUTTARE
ARROTO,RUTTO
ARRUÍNA,ROVINA
ARRUINADO,ROVINATO
ÁS (DO BARALHO),ASSO
ASSADO,ARROSTO
ASSALTO,RAPINA
ASSINATURA,FIRMA
ASSOBIAR,FISCHIARE
ATÉ MESMO,ADDIRITTURA
ATEU,ATEO
ATITUDE,ATTEGGIAMENTO
ATRÁS,DIETRO
ATROPELAMENTO,INVESTIMENTO
AULA,LEZIONE
AUSÊNCIA,ASSENZA
AVE DE RAPINA,RAPACI
AVENTAL,GREMBIULE
"BABÁ, BABÁS,""BALIA, BALIE"",,,,",
BACALHAU,BACCALÀ
BACIA,VASCHETTA
BAÇO,MILZA
BAGAGEM,BAGAGLIO
BAIRRO NOBRE,QUARTIERE ALTO BORGHESE
BALDE,CATINO
BANCA DE JORNAIS,EDICOLA
BANDAID,CEROTTO ADESIVO
BANHEIRA,VASCA DA BAGNO
BANHEIRA (MAIS COMUM),VASCA
BANHEIRA (MENOS COMUM),BAGNAROLA
BANHEIRO,IL BAGNO
BANIDO,BANNATO
BARRIGA,PANCIA
BARRIL,BOTTE
BATATA DOCE,PATATA DOLCE
BATER,COLPIRE / BUSSARE
BATER NO LIQUIDIFICADOR,FRULLARE
BEM-ESTAR,BENESSERE
BERINJELA,MELANZANA
BETERRABA,BARBABIETOLA
BILHÕES,MILIARDI
BLASFÊMIA,BESTEMMIA
BOCA,BOCCA
BOCEJO,SBADIGLIO
BOCHECHA,GUANCIA
BOLINHA DE GUDE,BIGLIE
BOLINHAS,PALLINE
BONDADE,BONTÀ
BRIGA DE RUA,RISSA DI STRADA
BRINCADEIRA,SCHERZO
BRINCOS,ORECCHINI
"FEIO, MAU, RUIM",BRUTTO
BRUTO (EX. SALÁRIO),LORDO
BRUXA,STREGA
BUZINA,CLACSON
BUZINA DE CARRO,CORNO
CABEÇA,CAPO
CABELEIREIRO,PARRUCCHIERE
CABELO,CAPELLO
CABIDE DE QUARTO,SERVO MUTO
CACHECOIS,ECHARPE
CACHORRO,CANE
CADA,CIASCUN
CADA UM,CIASUNO
CADEIA,CATENA
CADERNO,QUADERNO
CAIS,MOLO
CAIXA (MERCADO),CASSIERE
CAIXA (OBJETO),SCATOLA
CALAFRIOS,BRIVIDI
CALÇADAS,MARCIAPEDI
CALÇÃO,PANTALONCINI
CALCINHAS,MUTANDINE
CALDO,CALDO
CAMA,LETTO
CAMINHO,SENTIERO
CAMISA REGATA,CANOTTIERA
CAMISETA,MAGLIETTA
CAMPAINHA,CAMPANELLO
CAMPING,CAMPEGGIATURA
CANA,CANNA
CANÇÃO,BRANO
CÂNCER,CANCRO
CANELA,CANNELLA
CANETA BIC,PENNA BIRO
CANHOTO,MANCINO
CAPA,COPERTINA
CAPITAIS DAS REGIÕES,CAPOLUOGHI
CARALHO,CAZZO
CARINHO,TENEREZZA
CARPINTEIRO,CARPENTIERE
CARRO,AUTO
CARTÃO SIM (TELEFONIA),SCHEDA SIM
CARTÃO SIM PRÉ-PAGO,SCHEDA SIM PREPAGATA
CASA,CASA
CASACO OU PALETÓ,PALTÒ
CASADA,SPOSATA
CASAMENTO,MATRIMONIO
CASCA DE LEGUMES,BUCCIA
CASCA DE PÃO,CROSTA
CASO CONTRÁRIO,ALTRIMENTI
CASSINO,CASINO(Ô)
CASTANHA-DE-CAJÚ,ANACARDO
CASTANHA-DE-CAJÚ,NOCE DI ACAGIÙ
CEGAR,ACCECARE
CEGO,CIECO
CELA,GABBIA
CERA DE OUVIDO,CERUME AURICOLARE
CEREJA,CILIEGIA
CERTIDÃO DE NASCIMENTO,CERTIFICATO DI NASCITA
CHÁ DE ERVAS,TISANA
CHAMA,FIAMMA
CHEFE DE COZINHA,CAPOCUOCO
CHEGADO,GIUNTO
CHEIRO,ODORE
CHINELO,INFRADITO
CHUPETA,CIUCCIO
CHUVISCO,PIOGGERELLA
CICLOVIAS,PISTE CICLABILI
CÍLIOS,CIGLIA
CINTO DE SEGURANÇA,CINTURA DI SICUREZZA
CINTO DE SEGURANÇA,CINTA
CINTURA,CINTURA
CLASSE DE AULA,SALA
COBAIA,CAVIA
COCHILO,PISOLINO
COELHO,CONIGLIO
COLA,INCOLLA
COLAR,COLLANA
COLARINHO,COLLETTO
COLHER,CUCCHIAIO
COMBINA,ABBINA
COMBINAR,COMBACIARE
COMEMORAR UMA DATA,CELEBRARE
COMÉRCIO QUE NÃO FECHA,ORARIO CONTINUATO
COMPANHEIRO,COMPAGNO
COMPANHIA,AZIENDA
COMPARAR,PARAGONARE
COMPARTILHAR,CONDIVIDERE
COMPRADO,ACQUISTATO
CONCEBE,CONCEPISCE
CONCEBER,CONCEPIRE
CONCIDADÃO,CONCITTADINO
CONFISCAR,REQUISIRE
CONFORTÁVEL,COMODO
CONFUSÃO,CASINO
CONFUSOS,SMARRITI
CONSCIENTE,CONSAPEVOLO
CONSEQUÊNCIA,CONSEGUENZA
CONSERVAR,CONSERVARE
CONTRAFAÇÃO,CONTRAFFAZIONE
CONTRATAR,INGAGGIARE
CONVERSAR,CHIACCIERARE
CONVIDADOS (TV),OSPITI
COPAS (NAIPE DO BARALHO),CUORI
COPO,BICCHIERE
CORRER,CORRERE
CORTINA,TENDA
CORUJA,GUFO
COSTAS,SCHIENA
COSTELA,COSTOLA
COSTELAS,COSTINE
COSTUME,ABITO / VESTITO
COTOVELO,GOMITO
COTOVIA,ALLODOLA
COURO,CUOIO
COVARDE,VIGLIACCO
COXA,COSCE
COXO,ZOPPO
COZINHA,CUCINA
CRIADO-MUDO,COMODINO
CRIANÇA,FANCIULLO
CRIME,REATO
CRUZADA,CROCIATA
CRUZEIROS,CROCIERE
CUECAS,MUTANDE
CUIDADO,ATTENTO
CULPA,COLPEVOLEZZA
CUNHADA,COGNATA
CURAR,CURARE
DÁ A IDEIA DE AFETO,VEZZEGGIATIVO
DANIFICADA,DANNEGGIATA
DE AÇO,D'ACCIAIO
DE QUALQUER JEITO,IN QUALSIASI MODO
DE QUALQUER MANEIRA,IN QUALCHE MODO
DEIXEI,SMISI
DEMITIDO,LICENZIATO
DEMITIR,CONGEDARE
DEMORAR,VOLERCI
DENTE,DENTE
DEPRESSIVO/A,DEPRESSO/A
DESABITUADO,DISABITUATO
DESAFIO,SFIDA
DESAJEITADO,MALDESTRO
DESAPARECER,SCOMPARIRE
DESAPARECIDA,SPARITA
DESCOBRIR,SCOPRIRE
DESCONFORTÁVEL,SCOMODO
DESCONTO,SCONTO
DESDENTADO,SDENDATO
DESEJAR O BEM,TENERCI
DESENVOLVIMENTO,SVILUPPO
DESISTIR,MOLLARE
DESLIGAR,SPEGNERE
DESLUMBRANTE,MOZZAFIATO
DESMAIAR,SVENIRE
DESMORONANDO,CROLLANDO
DESPACHAR-SE,SBRIGARSI
DESPERDIÇAR,SPRECARE
DESTRO,DESTRO
DEVORADORA (DE HOMENS),DIVORATRICE
DIFUNDIR-SE,DIFFONDERSI
DISCUTIR,BISTICCIARE
DISTRAÇÃO,SOURAPPENSIERO
DIU,SPIRALE
DIZER-LHE,DIRGLIELO
DOBRAR/RECUAR,RIPIEGARE
DOCE,DOLCE
DOCE DE AVELÃ E CACAU,GIANDUIA
DUBLÊ,CONTROFIGURA
DÚVIDA,DUBBIO
EM ALGUM LUGAR,DA QUALCHE PARTE
EM PRIMEIRO LUGAR,INNANZITUTTO
EM SUMA,INSOMMA
EM VEZ DE,PIUTTOSTO
EMBORA,BENCHÈ
EMBOSCADA,AGGUATO
EMBRULHAR,AVVOLGERE
EMPALIDECER,IMPALLIDIRE
EMPRESA,DITTA / AZIENDA
EMPRÉSTIMO,PRESTITO
ENDEREÇO,INDIRIZZO
ENFORCADO,IMPICCATO
ENGANAR,FREGARE
ENGORDAR,INGRASSARE
ENGRAÇADO,DIVERTENTE
ENGRIPADO,GRIPPATO
ENLOUQUECER,IMPAZIRE
ENSOLARADA,SOLEGGIATA
ENSOPADA,FRADICIA
ENTÃO,ALLORA
ENTREGA,CONSEGNA
ENTREGAR,CONSEGNARE
ENTREVISTA,COLLOQUIO
ENVERGONHADO,IMBARAZZATO
ENXAME DE ABELHAS,SCIAME D'API
EPISÓDIO,PUNTATA
EQUILIBRISTA NA CORDA BAMBA,FUNAMBOLICO
ESCADARIA,SCALONE
ESCALADA,ARRAMPICATA
ESCOLA,SCUOLA
ESCURO,BUIO
ESMOLA,ELEMOSINA
ESPADAS (NAIPE DO BARALHO),PICCHE
ESPERADO,ATTESO
ESPERTEZA,FURBIZIA
ESPERTO,FURBO
ESPIRRO,STARNUTO
ESQUECER,DIMENTICARE
ESQUISITO,STRANO
ESTENDER AS ROUPAS,STENDERE I PANNI
ESTOJO ESCOLAR,ASTUCCIO
ESTRADA DE TERRA,STRADA STERRATA
ESTRIBILHO,RITORNELLO
ESTÚPIDO,STUPIDO
ETIQUETA,GALATEO
EXECUTAR,ESEGUIRE
EXPLODIR,SCOPPIARE
EXPLORADO (ABUSADO),SFRUTTATO
FÁBULA,FIABA
FACA,COLTELLO
FAixa,CORSIA
FAIXA DE PEDESTRES,STRISCE PEDONALI
FALHA,PECCA
FARMÁCIA,FARMACIA
FARMÁCIA DE MANIPULAÇÃO,NEGOZIO DI PRODOTTI BIOLOGICI
FEDER,PUZZARE
FEIJÃO,FAGIOLI
FEIO,BRUTTO
FEIRA,FIERA
FELIZ,LIETO
FÉRIAS,FERIE
FESTEIRO,FESTAIOLO
FEVEREIRO,FEBBRAIO
FICARAM LOUCOS,IMPAZZIVANO
FÍGADO,FEGATO
FILA,FILA/CODA
FLECHA,FRECCIA
FLOR,FIORE
FLORESTA,FORESTA
FLORICULTURA,FIORAIO
FODER,FOTTERE
FOGUEIRA,FALÒ
FONE DE OUVIDO,CUFFIE
FONE INTRAURICULAR,CUFFIETTE
FORÇAR,COSTRINGERE
FRALDA,PANNOLINO
FRALDA GERIÁTRICA,PANNOLONE
FRALDAS,PANNOLINI
FRAMBOESA,LAMPONE
FRAUDE,FRODE
FREQUENTE,SPESSO
FRIORENTO,FREDDOLOSO
FRITAR,FRIGGERE
FRONTEIRA,CONFINE
FUNCIONÁRIO,DIPENDENTE
FUNCIONÁRIO DE ESCRITÓRIO,IMPIEGATO
FURGÃO,FURGONE
FURTO,FURTO
GAIOLA,GABBIA
GAMBÁ,PUZZOLA
GANHAR,GUADAGNARE
GARÇOM OU CRIADO,CAMERIERE
GARFO,FORCHETTA
GARGALHADA,SCHIAMAZZO
GARGANTA,GOLA
GATO,GATTO
GELADA,AGGHIACCIATA
GERALMENTE,DI SOLITO
GOIABA,GUAVA
GORDUCHO,CICCIO
GORJETA,MANCIA
GOSTAR,PIACERE
GOSTARIA,VORREI
GOZAR,GODERE
GRAMADO,PRATO
GRÃOS,CHICCI
GRAVA,GRAVE
GRAVATA,CRAVATTA
GRAVATA BORBOLETA,FARFALLINO
GRÁVIDA,INCINTA
GREVE,SCIOPERO
GRIPE,INFLUENZA
GRITAR,GRIDARE
GROSSA,SPESSA
GUARDA-CHUVA,OMBRELLO
GUARDIÃO,CUSTODE
HÁBITO,ABITUDINE
HABITUADO,ADUSO
HERANÇA,EREDITÀ
HORTIFRUTI,FRUTTIVENDOLO
HOSPEDAR-SE,SOGGIORNARE
HOSTIL,OSTILE
IGUAL,UGUALE
IGUALMENTE,UGUAMENTE
ILHA,ISOLA
ILUDIR,ELUDERE
IMATURIDADE,IMMATURITÀ
INCÔMODO,FASTIDIOSO
INCRÍVEL,INCREDIBILE
INFELIZMENTE,PURTROPPO
INFRAÇÃO,INFRAZIONE
INQUÉRITO POLICIAL,INDAGINE POLIZIALE
INTERIOR (LOCAL),ENTROTERRA
INVENTAR,INVENTARE
ISTO É,CIOÈ
JÁ QUE,SICCOME
JANELA,FINESTRA
JEANS DOBRADOS,JEANS RISVOLTINO
JOALHERIA,GIOIELLERIA
JOELHO,GINOCCHIO
JOGO DE TABULEIRO,GIOCO DA TAVOLO
JUMENTINHO,ASINELLO
LÁ EM BAIXO,LAGGIÙ
LÁ EM CIMA,LASSÙ
LÁBIO,LABBRO
LÁBIOS,LABBRA
LAGARTIXA,LUCERTOLA
LAGARTIXA (MENOS COMUM),GECO
LAGOSTIM,SCAMPI
LANCHA,MOTOSCAFFO
LARGO,LARGO
LAVAJATO,AUTOLAVAGGIO
LEGENDAS,SOTTOTITOLI
LEGO,LEGGO
LENÇO,FAZZOLETTO
LENTILHA,LENTICCHIA
LEVE,LEGGERO
LIMITADO,LIMITATO
LIMPAR,SGOMBERARE
LÍQUIDO (EX. SALÁRIO),NETTO
LISTRAS,RIGHE
LIVRO,LIBRO
LOJA,NEGOZIO
LOJA,OFICINA
LOJA DE BRINQUEDOS,NEGOZIO DI GIOCATTOLI
LOJA DE ESPORTES,NEGOZIO DI ARTICOLI SPORTIVI
LOJA DE FERRAMENTAS,NEGOZIO DI FERRAMENTA
LOJA DE INFORMÁTICA,NEGOZIO DI INFORMATICA
LOJA DE INSTRUMENTOS MUSICAIS,NEGOZIO DI STRUMENTI MUSICALI
LOJA DE ROUPAS,NEGOZIO DI ABBIGLIAMENTO
LOJA DE VINHOS,ENOTECA
LOROTA (ANTIGO),FANDONIE
LOUCO,MATTO
LUA,LUNA
LULA,CALAMARO
LUNETA,CANOCCHIALE
LUTADO,LOTTATO
LUTHIER,LIUTAIO
LUVAS,GUANTI
MADRASTA,MATRIGNA
MADRINHA,MADRINA
MÃE,MADRE
MAIS,DI PIÙ
MAL,MALE
MAL-HUMORADO,MALUMORATO
MANCAR,ZOPPICARE
MANTEIGA,BURRO
MASSA,PASTA
MELANCIA,ANGURIA
MELANCOLIA,MALINCONIA
MELANCÓLICO,MALINCONICI
MELHORAR (SAÚDE),GUARIRE
MENTIRA,BUGIA
MERECER,MERITARE
MERGULHO,IMMERSIONE SUBACQUEA
MERGULHO COM CILINDRO,IMMERSIONE CON BOMBOLE
MESA,TAVOLO
MESA DE CABECEIRA,COMODINO
MEXERICOS,PETTEGOLEZZI
MIL,MILLE
MILHO,MAIS
MILHÕES,MILIONI
MOCHILA,ZAINO
MOCHILA PEQUENA,ZAINETTO
MOINHO,MULINO
MORADA,DIMORA
MOTOCICLETA,MOTO
NADADEIRA DORSAL,PINNA DORSALE
NÃO SE PREOCUPE,NON TI PREOCCUPARE
NEM MESMO,NEMMENO
NENHUM,NESSUNO
NÍVEL DE ATENÇÃO,SOGLIA DI ATTENZIONE
NO ENTANTO,COMUNQUE
NO ENTANTO,EPPURE
NAMORADA,FIDANZATA
NOJENTO,SCHIFO
NOTÍVAGO,NOTTAMBULO
NOVELA,ROMANZO
NUVEM,NUVOLA
OBJETOS OBSOLETOS,OGGETTI SCOMPARSI
OBRA-PRIMA,CAPOLAVORO
OCORRER,AVVENIRE
OCULTOS,NASCOSTI
OCUPADO,IMPEGNATO
OFEGANTES,ANSIMANTI
ÓLEO,OLIO
OLHAR,SGUARDO
OLHOS BEM ABERTOS,OCCHI SPALANCATI
OMBRO,SPALLA
ONDE,DOVE
OPERÁRIO,MANOVALE
ORGÃO DE TUBO,ORGANO A CANNE
OSSO,OSSO
ÓTICA,NEGOZIO DI OTTICA
OU SEJA,OSSIA
OURIVESARIA,OREFICERIA
OUROS (NAIPE DO BARALHO),QUADRI
OXÍMORO,OSSIMORO
PACTO,PATTO
PADARIA,PANETTERIA
PADRINHO,PADRINO
PAI,PADRE
PÁLIDO,PALLIDO
PANELA,PENTOLA
PANTURRILHA,POLPACCIO
PÃO,PANE
PAPEL NO TEATRO,RUOLO
PARAPENDIO,PARAPENTE
PARAR,FERMARE
PARQUINHO,PARCHETTO
PARTIDA,PARTENZA
PASSAR O TEMPO,CAZZEGGIARE
PASTA,CARTELLA
PASTA DE TOMATE,PASSATA
PASTO ALPINO,ALPEGGIO
PATO,ANATRA
PAUS (NAIPE DO BARALHO),FIORI
PAUSA PARA O ALMOÇO,PAUSA PRANZO
PÉ,PIEDE
PEDRA OU ROCHA,SASSO
PEDREIRO,MURATORE
PEGA (PÁSSARO),GAZZA
PEGADINHA DE CONCURSO,TRANELLO
PEGAR DE GRAÇA,SCROCCARE
PEGAR SOL,PRENDERE IL SOLE
PEIXARIA,PESCHERIA
PEIXEIRO,PESCIVENDOLO
PELE,PELLE
PÊLO,PELO
PEREGRINAÇÃO,PELLEGRINAGGIO
PERMANECEM,RIMANGONO
PERNA/PERNAS,GAMBA/GAMBE
PERTENCE,APPARTIENE
PERTENCER,APPARTENERE
PERTURBAÇÃO,DISTURBO
PERU,TACCHINO
PESADELO,INCUBO
PESADO,PESANTE
PESCOÇO,COLLO
PÊSSEGO,PESCA
PESSOA INÚTIL,PEZZO DI MERDA
PET SHOP,NEGOZIO DI ANIMALI
PIADA,BARZELLETTA
PIADA,BATTUTA
PINTAR,DIPINGERE
PINTINHO (GALINHA),PULCINO
PIPA,PIPA
PIPA (BRINQUEDO),AQUILONE
PLANÍCIE,PIANURA
PLANTAÇÃO,PIANTAGIONE
POLEGAR,POLLICE
POMBA,PICCIONE
POR PERTO,VICINO
PORÉM,PERÒ
PORTANTO,DUNQUE
POSTO DE GASOLINA,STAZIONE DI SERVIZIO
POUPAR,RISPARMIARE
PRAIA,SPIAGGIA
PRATELEIRA,MENSOLA
PRATO (COMIDA),PIETANZA
PREENCHIMENTO,RIEMPITIVO
PREGUIÇOSO,PIGRO
PRESENÇA,PRESENZA
PRESUNTO,PROSCIUTTO
PRETENSO,COSIDDETTO
PREVALEÇA,PREVALGA
PRIMAVERA,PRIMAVERA
PRISÃO PERPÉTUA,ERGASTOLO
PROCESSO DE TORREFAÇÃO,TORREFAZIONE
PROFISSÃO,MESTIERE
PROFISSÕES LIBERAIS,LIBERO PROFESSIONISTA
PRONTO,PRONTO
PRONTO SOCORRO,PRONTO SOCORSO
PROPÓSITO,SCOPO
PRORROGAÇÃO (FUTEBOL),RECUPERO
PUDIM,BUDINO
PULGA,PULCE
PULSO,POLSO
PURÊ,PURÈ
QUANDO HÁ DESPREZO,DISPREGIATIVO
QUARTO DE DORMIR,CAMERA DA LETTO
QUEBRAR,SPEZZARE
QUEIXO,MENTO
QUEM,CHI
QUIOSQUE,CHIOSCO
QUITINETE,ANGOLO COTTURA
RACHADURA,CREPATURA
RANGIDO,CIGOLIO
RATO,TOPO / RATTO
RAVINA,BURRONE
RECÉM-NASCIDO,NEONATO
RECEPCIONISTA,RECEPTIONIST
RECIBO,RICEVUTA
REFEIÇÕES,PASTI
REFRIGERIO,REFRIGERIO
REGISTRO (TORNEIRA),RUBINETTO
REGOZIJAR-SE,GONGOLARE
REGURGITAÇÃO (BEBÊS),RIGURGITO
REI (DO BARALHO),RE
REINAR,REGNARE
RELEMBRAR ALGO SOLENE,COMMEMORARE
RENUNCIAR,RINUNCIARE
REPREENDER,SGRIDARE
REPROVADO,BOCCIATO
RESFRIADO,RAFFREDORE
RESFRIAR,RAFFREDDARE
RESIGNADO,RASSEGNATO
RESOLVER,SBRIGARE
RESPINGOS,SPRUZZI
RETÉM,TRATTIENE
RETIDÃO,DIRITTURA
REUNIR,RADUNARE
REVISTA EM QUADRINHOS,FUMETTI
RIACHO,RUSCELLO
RIACHO,TORRENTE
RIO,FIUME
ROTEIRO (CINEMA),SCENEGGIATURA
ROTINA,ROUTINE
ROUPA ÍNTIMA,BIANCHERIA INTIMA
RUBORIZAR,ARROSSIRE
RUÍNA,TRACOLLO
RUMOROSA,CHIASSOSA
SABEDORIA,SAGGEZZA
SABOREAR,ASSAGGIARE
SAEM,ESCONO
SAIA,GONNA
SALADA,INSALATA
SALÁRIO,SALARIO
SALÁRIO,STIPENDIO
SAPATARIA,NEGOZIO DI SCARPE
SARDAS,LENTIGGINI
SAUDÁVEL,SANO
SE TORNAR,DIVENTARE
SECADOR DE CABELO,ASCIUGACAPELLI
SECAR AS ROUPAS,ASCIUGARE I VESTITI
SECO,ASCIUTTO
SEDE,SETE
SEGURANÇA (BOATE),BUTTAFUORI
SEGURO,ASSICURAZIONE
SELO,FRANCOBOLLO
SESSÕES,SEDUTE
SINTOMA,SINTOMO
SÍTIO,POSTO / LUOGO
SNORKEL,BOCCAGLIO
SOBRETUDO,SOPRATTUTTO
SOL,SOLE
SOLA DO SAPATO,SUOLA DELLA SCARPA
SOLETRAR,SCANDIRE
SOLUÇO,SINGHIOZZO
SOMBRA,OMBRA
SONO,SONNO
SOPA ITALIANA,MINESTRA
SUBDOLO,SUTIL
SÚBITO,IMPROVVISO / SUBITANEO
SUBMETER-SE,SOTTOMETTERSI
SUBMISSO,SOTTOMESSO
SUÉTER,MAGLIONE
SUÉTER DE GOLA ALTA,DOLCEVITA
SUJAR,IMBRATTARE
SUPER HOMEM,SUPERUOMO
SUPERMERCADO,SUPERMERCATO
SUPERVISIONAR,SORVEGLIARE
SUTIÃ,REGGISENO
TABACARIA,TABACCHERIA
TABAGISTA,TABAGISTA
TACHO,PADELLA
TALHER,POSATA
TÂMARAS,DATTERI
TAMBÉM,PURE
TÉDIO,NOIA
TEDIOSA,MOSCIA
TELENOVELA,TELENOVELA
TENTAR,PROVARE
TENTE,PROVACI
TENTO,PROVO
TERMO CARINHOSO,VEZZEGGIATIVO
TESOURO,TESORO
TIJOLO,MATTONE
TIJOLOS VERMELHOS,MATTONI ROSSI
TIRAR UMA FOTO,SCATTARE UNA FOTO
TIRO,COLPO
TOLO,STUPIDO
TÓRAX,TORACE
TORNOZELO,CAVIGLIA
TORPEDO,SILURO
TORRA MÉDIA CLARA,TOSTATURA MEDIA CHIARA
TOSSE,TOSSE
TRAFICANTE DE DROGAS,SPACCIATORE
TRAJE,ABITO
TRANSAR,SCOPARE
TRANSCORRIDA,TRASCORSA
TRAPO,STROFINACCIO
TRILHA,SENTIERO
TUMULTO,TUMULTO
TURMA,CLASSE
UM PUNHADO,UN PUGNO
UNHA,UNGHIA
UNS,ALCUNI
URINAM,PISCIANO
URRAR,URLARE
USUÁRIO,UTENTE
VÁ SE FODER,VAFFANCULO
VAGINA,FIGA
VAGO,SFITTO
VAIAR,FISCHIARE
VALETE,FANTE
VANDALISMO,VANDALISMO
VASO,VASO
VAZAMENTO DE ÁGUA,PERDITA D'ACQUA
VEGETAIS SALTEADOS,TRIFOLATI
VENDEDOR/A,COMMESSO/A
VERÃO,ESTATE
VERGONHA,VERGOGNA
VIADO,FROCIO
VIDRO,VETRO
VIELA,VICOLO
VIELAS ESTREITAS,VICOLI STRETTI
VIOLÊNCIA,VIOLENZA
VÍRGULA,VIRGOLA
VÔMITO,VOMITO
VONTADE,VOLONTÀ
XAROPE,SCIROPPO
ZANGADA,INCAZZATA
RETIRAR,TOGLIERE
ESCALADA,ARRAMPICATA
TEMIDO,TEMUTO
GERALMENTE,DI SOLITO
ALUGAR CARRO,NOLEGGIARE AUTO
OBSTINAÇÃO,TESTARDAGGINE
ESGRIMA,SCHERMA
LEMA,MOTTO
"LEGAL,BACANA",FIGATA
QUALQUER UM,CHIUNQUE
"PENSO, CREIO",RITENGO
INCONSCIENTE,INCONSAPEVOLI
ANIVERSÁRIO,COMPLEANNO
LIGAÇÕES,LEGAMI
ERRADICAR,SRADICARE
"CONSEGUIR, FAZER ISTO",FARCELA
ABALADA,SCOSSA
DERRETE,SCIOGLIE
MIGALHA,BRICIOLA
PERMALOSE,SENSÍVEL
PARA QUE,AFFINCHÈ
PERCEBEU,ACCORTO
CREME,PANNA
ENVERGONHADO,IMBARAZZATO
"PERCEBER, DAR-SE CONTA",ACCORGERSI
TINTA DE CANETA OU IMPRESSORA,INCHIOSTRO
TINTA DE PAREDE,PITTURA O VERNICE
TINTA PARA TECIDOS,COLORE
PENEIRA,SETACCIO